{"batch_norm":false,"activation":"selu","standardize":true,"learning_rate":0.0000012799,"lr_decay":0.000319209,"momentum":0.8667338867,"L2_reg":1.2376616211,"dropout":0.1596044922,"hidden_layers_sizes":[2]}