{"batch_norm":false,"activation":"selu","standardize":true,"learning_rate":0.0000390131,"lr_decay":0.0000166016,"momentum":0.9475097656,"L2_reg":2.6972832031,"dropout":0.3060742188,"hidden_layers_sizes":[16,16,16]}