{
	"batch_norm": false,
	"activation": "selu",
	"standardize": true,
	"learning_rate": 0.000071958,
	"lr_decay": 0.0002554,
	"momentum": 0.927932129,
	"L2_reg": 1.113234863,
	"dropout": 0.052290039,
	"hidden_layers_sizes": [
		13,
		13,
		13
	],
	"n_in": 14
}