{
	"batch_norm": false,
	"activation": "selu",
	"standardize": true,
	"learning_rate": 0.00086111,
	"lr_decay": 0.00076877,
	"momentum": 0.929817383,
	"L2_reg": 4.640254883,
	"dropout": 0.397919922,
	"hidden_layers_sizes": [
		12,
		12
	],
	"n_in": 14
}